pdb_id,ligand_id,smiles
3P0G,P0G,Cc1ccccc1CC(C)(C)NC[C@H](O)c1ccc(O)c2c1OCC(=O)N2
3PDS,ERC,COc1cc(CCNC[C@H](O)c2ccc(O)c3[nH]c(=O)ccc23)ccc1OCCCS
3SN6,P0G,Cc1ccccc1CC(C)(C)NC[C@H](O)c1ccc(O)c2c1OCC(=O)N2
4LDE,P0G,Cc1ccccc1CC(C)(C)NC[C@H](O)c1ccc(O)c2c1OCC(=O)N2
4LDL,XQC,CC(C)(Cc1ccc(O)cc1)NC[C@H](O)c1ccc(O)c(O)c1
4LDO,ALE,CNC[C@H](O)c1ccc(O)c(O)c1
4QKX,35V,COc1cc(CCNC[C@H](O)c2ccc(O)c(O)c2)ccc1OCCS
6MXT,K5Y,OCc1cc([C@@H](O)CNCCCCCCOCCCCc2ccccc2)ccc1O
4WP7,3SR,CC(C)CCn1c(CN2CCN(C(=O)c3ccco3)CC2)nc2c1c(=O)n(C)c(=O)n2C
4WPN,3ST,CC(C)CCn1c(CN2CCC(C(N)=O)CC2)nc2c1c(=O)n(C)c(=O)n2C
4X4L,3XG,CCOC(=O)CSc1nc2c(sc3ccccc32)c(=O)n1CCCN1CCCC1
5AC2,K9P,CCCCCC(=O)N1C[C@@H](C)c2c1cc(O)c1ccccc21
5L2M,6ZY,Cc1oc2cc3oc(=O)c(CCC(=O)N4CCCCC4)c(C)c3cc2c1C
5L2N,6ZU,Cc1c(Cc2ccccc2)c(=O)oc2cc(OS(C)(=O)=O)ccc12
5L2O,6ZW,CCN(CC)c1ccc2c(C)cc(=O)oc2c1
5TEI,M39,Cc1ccccc1-n1c(SCc2cccc(F)c2)nc2n[nH]cc2c1=O
1L2I,ETC,CC[C@@H]1Cc2cc(O)ccc2C2=C1c1ccc(O)cc1C[C@H]2CC
2B1V,458,CC1=CC[C@]2(CO)CO[C@H](c3ccc(O)cc3)[C@H]1C2
2B1Z,17M,C[C@]12CCc3c(ccc4cc(O)ccc34)[C@@H]1CC[C@@]2(C)O
2P15,EZT,C[C@]12CC[C@@H]3c4ccc(O)cc4CC[C@H]3[C@@H]1CC[C@@]2(O)/C=C/c1ccccc1C(F)(F)F
2Q70,DC8,Oc1ccc([C@@H]2Oc3ccc(O)cc3[C@@H]3CC(F)(F)C[C@@H]32)cc1
2QR9,HZ3,COC(=O)C1=C(C(=O)OC)[C@@H]2O[C@H]1C(c1ccc(O)cc1)=C2c1ccc(O)cc1
2QSE,1HP,Cn1c(N)nc2ncc(-c3ccc(O)cc3)cc21
2QZO,KN1,C=CCn1nc(-c2ccc(O)cc2O)c2cccc(C(F)(F)F)c21
4IVW,1GJ,Oc1ccc(-c2c3cccc(C(F)(F)F)c3nn2Cc2ccccc2)c(O)c1
4PPS,ESE,C[C@]12CC[C@@H](c3ccc(O)cc3)C[C@H]1CC[C@@H]2O
5DRJ,5EU,Cc1cc(-c2ccc(O)cc2Cl)sc1-c1ccc(O)cc1Cl
5DU5,5G2,O=S1(=O)C=C(c2ccc(O)cc2Cl)C(c2ccc(O)cc2Cl)=C1
5DUE,5FY,Cc1cc(O)ccc1C1=C(c2ccc(O)cc2C)[C@H]2[C@@H](S(=O)(=O)Oc3ccc(O)cc3)C[C@@H]1[S@@]2=O
5DZI,5KF,OCC[C@H]1CCCC(=C(c2ccc(O)cc2)c2ccc(O)cc2)C1
5E1C,5K8,COC(=O)C(C(=O)OC)[C@H]1CCCC(=C(c2ccc(O)cc2)c2ccc(O)cc2)C1
1XP1,AIH,C[C@H]1CN(CCOc2ccc([C@@H]3Oc4ccc(O)cc4S[C@@H]3c3ccc(O)cc3)cc2)C[C@@H]1C
1XQC,AEJ,Oc1ccc2c(c1)CCN(c1ccccc1)[C@@H]2c1ccc(N2CCN3CCCC[C@H]3C2)cc1
2AYR,L4G,CS(=O)(=O)c1ccc(-c2ccc3cc(O)ccc3c2Oc2ccc(OCCN3CCCCC3)cc2)cc1
2IOG,IOG,C[C@H](CCc1ccc(O)cc1)NC(=O)Cc1c(-c2ccccc2)[nH]c2cc(OCCN3CCCCC3)ccc12
2IOK,IOK,C[C@H](CCc1ccc(O)cc1)NC(=O)Cc1c(-c2ccccc2)[nH]c2ccccc12
2OUZ,C3D,Oc1ccc2c(c1)CC[C@H](c1ccccc1)[C@@H]2c1ccc(OCCN2CCCC2)cc1
2POG,WST,Oc1ccc([C@@H]2Oc3cccc(O)c3[C@@H]3CCC[C@@H]32)cc1
2R6W,LLB,CC1CCN(CCOc2ccc(C(=O)c3c(-c4ccc(O)cc4)sc4cc(O)ccc34)cc2)CC1
3DT3,369,Cc1cc2cc(O)ccc2c(Oc2ccc(O)cc2)c1-c1cccc(O)c1
5AAU,XBR,O=C(O)CCN1CCc2c([nH]c3ccccc23)[C@H]1c1ccc(Cl)cc1
5FQV,VQI,Cc1cc2c(cc1O)CCN(CC(C)C)[C@@H]2c1ccc(/C=C/C(=O)O)cc1
5T92,77W,C[C@@]1(c2ccc(/C=C/C(=O)O)cc2)c2ccc(O)cc2CCN1c1ccc(F)cc1
5UFX,86Y,CC1=C(c2ccc(O)cc2)[C@H](c2ccc(OCCN3CC[C@@H](C)C3)cc2)Oc2cc(O)ccc21
6B0F,C6V,CC(F)(F)c1cc(F)ccc1-c1sc2cc(O)ccc2c1Oc1ccc(/C=C/C(=O)O)cc1
6CHW,F3D,CC/C(=C(/c1ccc(OCCNCCCC(=O)N(C)C)cc1)c1ccc2[nH]ncc2c1)c1ccccc1
5FV7,R3Z,O=c1c2sccc2n(C[C@H]2COc3ccccc3O2)c(=O)n1O
2V3D,NBV,CCCCN1C[C@H](O)[C@@H](O)[C@H](O)[C@H]1CO
2V3E,NND,CCCCCCCCCN1C[C@H](O)[C@@H](O)[C@H](O)[C@H]1CO
2XWD,LGS,CCCCCCCC/N=C1\OC[C@@H]2[C@@H](O)[C@H](O)[C@@H](O)[C@H](O)N12
2XWE,AMF,CCCCCCCC/N=C1\SC[C@@H]2[C@@H](O)[C@H](O)[C@@H](O)[C@H](O)N12
3RIK,3RI,OCCN1C[C@H](O)[C@@H](O)[C@H](O)[C@@H](O)C1
3RIL,3RK,O[C@H]1[C@H](O)[C@@H](O)CNC[C@@H]1O
4I3K,1BX,Cc1cc(Cc2ccc(O)cc2)n(O)c(=O)c1
4I3L,1BZ,Cc1cc(Cc2ccccc2)n(O)c(=O)c1
4UMX,VVS,CC(C)(C)CC(C)(C)c1cc(Cn2ccnc2)c(O)c(Cn2ccnc2)c1
4XRX,42V,CN1C(=O)/C(=C\c2ccc(=O)[nH]c2)NC1=S
4XS3,42W,CN1C(=O)/C(=C\c2ccc(=O)n(Cc3ccccc3)c2)NC1=S
5DE1,59D,C[C@H](O)c1cccc(NC(=O)c2nn(Cc3ccc(F)cc3)c3c2CN(C(=O)c2ccc[nH]2)C[C@H]3C)c1
5L57,6N3,CC(C)CCOc1nc(N2C[C@@H]3[C@H](C2)[C@H]3C(=O)O)ccc1C(=O)N[C@@H]1[C@@H]2C[C@@H]3C[C@H]1C[C@@](O)(C3)C2
5L58,6MX,O=C(O)C[C@H]1CCN(c2ccc(C(=O)N[C@@H]3[C@@H]4C[C@@H]5C[C@H]3C[C@@](O)(C5)C4)c(SC3CCCCC3)n2)C1
5LGE,6VN,CC(C)c1ccc(Nc2nc3cc(C(=O)O)ccc3n2[C@H]2C[C@@H](C)CC(C)(C)C2)cc1
5SUN,70Q,CN(C)S(=O)(=O)c1cccc(NC(=O)c2nn(Cc3ccccc3)c(=O)c3ccccc23)c1
5SVF,70P,CC(C)[C@H]1COC(=O)N1c1ccnc(N[C@@H](C)c2ccccc2)n1
5TQH,7J2,Cc1cc(-c2cnc([C@H](C)Nc3nccc(N4C(=O)OC[C@@H]4C(C)C)n3)nc2)ccc1F
6ADG,9UO,C[C@@H](Nc1nc(N[C@H](C)C(F)(F)F)nc(-c2cccc(Cl)n2)n1)C(F)(F)F
6B0Z,C81,Cc1cc([C@H](C)Nc2nccc(N3C(=O)OC[C@@H]3[C@H](C)F)n2)ncc1-c1ccnc(C(F)(F)F)c1
5H84,1VU,CCC(=O)SCCNC(=O)CCNC(=O)[C@H](O)C(C)(C)CO[P@](=O)(O)O[P@@](=O)(O)OC[C@H]1O[C@@H](n2cnc3c(N)ncnc32)[C@H](O)[C@@H]1OP(=O)(O)O
5H86,BCO,CCCC(=O)SCCNC(=O)CCNC(=O)[C@H](O)C(C)(C)CO[P@](=O)(O)O[P@@](=O)(O)OC[C@H]1O[C@@H](n2cnc3c(N)ncnc32)[C@H](O)[C@@H]1OP(=O)(O)O
5MLJ,9ST,CN1C[C@H](Nc2cnn(C)c(=O)c2Br)C[C@H](c2ccccc2)C1
1PME,SB2,C[S@](=O)c1ccc(-c2nc(-c3ccc(F)cc3)c(-c3ccncc3)[nH]2)cc1
2OJG,19A,CN(C)C(=O)c1cc(-c2n[nH]cc2-c2ccccc2)c[nH]1
3SA0,NRA,O=c1c2cc(O)c(O)cc2oc2cc(O)cc(O)c12
3W55,1FM,COc1cc(O)c2c(c1)/C=C/C[C@H](O)[C@H](O)C(=O)/C=C\C[C@H](C)OC2=O
4QP3,36Q,OC[C@H](Cc1ccccc1)Nc1ncnc2[nH]cnc12
4QP4,36O,c1nc(NC2CCCCC2)c2nc[nH]c2n1
4QP9,35X,CCCn1cc(-c2c[nH]c3ncc(-c4ccncc4)nc23)cn1
4QTA,38Z,O=C(Nc1ccc2n[nH]c(-c3ccncc3)c2c1)[C@@H]1CCN(CC(=O)N2CCN(c3ccc(-c4ncccn4)cc3)CC2)C1
4QTE,390,Cc1cnc(Nc2ccc(F)cc2Cl)nc1-c1c[nH]c(C(=O)N[C@H](CO)c2cccc(Cl)c2)c1
4XJ0,41B,O=c1cc(-c2ccnc(NC3CCOCC3)n2)ccn1[C@H](CO)c1ccc(Cl)c(F)c1
4ZZN,CQ8,CNC(=O)c1ccccc1Nc1cc(NC2CCOCC2)ncc1Cl
5AX3,5ID,Nc1ncnc2c1c(I)cn2[C@@H]1O[C@H](CO)[C@@H](O)[C@H]1O
5BUJ,4VB,O=c1cc(N2CCc3n[nH]c(-c4ccncc4)c3C2)cc[nH]1
5V62,FRZ,Nc1n[nH]c2nnc(-c3c(-c4ccccc4)nn4ccccc34)cc12
6G9H,ERW,CN(C(=O)CN1Cc2ccc(-c3nc(NC4CCOCC4)ncc3Cl)cc2C1=O)C(C)(C)C
1FAP,RAP,CO[C@H]1C[C@@H]2CC[C@@H](C)[C@@](O)(O2)C(=O)C(=O)N2CCCC[C@H]2C(=O)O[C@H]([C@H](C)C[C@@H]2CC[C@@H](O)[C@H](OC)C2)CC(=O)[C@H](C)/C=C(\C)[C@@H](O)[C@@H](OC)C(=O)[C@H](C)C[C@H](C)/C=C/C=C/C=C/1C
1NSG,RAD,CCO[C@H]1C[C@@H]2CC[C@@H](C)[C@@](O)(O2)C(=O)C(=O)N2CCCC[C@H]2C(=O)O[C@H]([C@H](C)C[C@@H]2CC[C@@H](O)[C@H](OC)C2)CC(=O)[C@H](C)/C=C(\C)[C@@H](O)[C@@H](OC)C(=O)[C@H](C)C[C@H](C)/C=C/C=C/C=C/1C
2FAP,RAD,CCO[C@H]1C[C@@H]2CC[C@@H](C)[C@@](O)(O2)C(=O)C(=O)N2CCCC[C@H]2C(=O)O[C@H]([C@H](C)C[C@@H]2CC[C@@H](O)[C@H](OC)C2)CC(=O)[C@H](C)/C=C(\C)[C@@H](O)[C@@H](OC)C(=O)[C@H](C)C[C@H](C)/C=C/C=C/C=C/1C
3FAP,ARD,CO[C@@H]1C[C@H](C[C@@H](C)[C@@H]2CC(=O)[C@H](C)/C=C(\C)[C@@H](O)[C@@H](OC)C(=O)[C@H](C)C[C@H](C)/C=C/C=C/C=C(\C)[C@H](c3ccc(C)s3)C[C@@H]3CC[C@@H](C)[C@@](O)(O3)C(=O)C(=O)N3CCCC[C@H]3C(=O)O2)CC[C@H]1O
4DRH,RAP,CO[C@H]1C[C@@H]2CC[C@@H](C)[C@@](O)(O2)C(=O)C(=O)N2CCCC[C@H]2C(=O)O[C@H]([C@H](C)C[C@@H]2CC[C@@H](O)[C@H](OC)C2)CC(=O)[C@H](C)/C=C(\C)[C@@H](O)[C@@H](OC)C(=O)[C@H](C)C[C@H](C)/C=C/C=C/C=C/1C
4DRI,RAP,CO[C@H]1C[C@@H]2CC[C@@H](C)[C@@](O)(O2)C(=O)C(=O)N2CCCC[C@H]2C(=O)O[C@H]([C@H](C)C[C@@H]2CC[C@@H](O)[C@H](OC)C2)CC(=O)[C@H](C)/C=C(\C)[C@@H](O)[C@@H](OC)C(=O)[C@H](C)C[C@H](C)/C=C/C=C/C=C/1C
4DRJ,RAP,CO[C@H]1C[C@@H]2CC[C@@H](C)[C@@](O)(O2)C(=O)C(=O)N2CCCC[C@H]2C(=O)O[C@H]([C@H](C)C[C@@H]2CC[C@@H](O)[C@H](OC)C2)CC(=O)[C@H](C)/C=C(\C)[C@@H](O)[C@@H](OC)C(=O)[C@H](C)C[C@H](C)/C=C/C=C/C=C/1C
4FAP,ARD,CO[C@@H]1C[C@H](C[C@@H](C)[C@@H]2CC(=O)[C@H](C)/C=C(\C)[C@@H](O)[C@@H](OC)C(=O)[C@H](C)C[C@H](C)/C=C/C=C/C=C(\C)[C@H](c3ccc(C)s3)C[C@@H]3CC[C@@H](C)[C@@](O)(O3)C(=O)C(=O)N3CCCC[C@H]3C(=O)O2)CC[C@H]1O
4JSX,17G,Nc1ccc(-c2ccc3ncc4ccc(=O)n(-c5cccc(C(F)(F)F)c5)c4c3c2)cn1
4JT5,P2X,CC(C)n1nc(-c2cc3cc(O)ccc3[nH]2)c2c(N)ncnc21
5GPG,RAP,CO[C@H]1C[C@@H]2CC[C@@H](C)[C@@](O)(O2)C(=O)C(=O)N2CCCC[C@H]2C(=O)O[C@H]([C@H](C)C[C@@H]2CC[C@@H](O)[C@H](OC)C2)CC(=O)[C@H](C)/C=C(\C)[C@@H](O)[C@@H](OC)C(=O)[C@H](C)C[C@H](C)/C=C/C=C/C=C/1C
6B73,CVV,O=C(N[C@@H]1C=C[C@H]2[C@H]3Cc4ccc(O)c5c4[C@@]2(CCN3CC2CC2)[C@H]1O5)c1cccc(I)c1
3GQY,DZG,COc1ccc(S(=O)(=O)N2CCN(S(=O)(=O)c3ccc4c(c3)OCCO4)CC2)cc1
3GR4,DYY,O=S(=O)(c1ccc2c(c1)OCCO2)N1CCN(S(=O)(=O)c2c(F)cccc2F)CC1
3H6O,D8G,Cc1cc2c(s1)c1cnn(Cc3ccccc3F)c(=O)c1n2C
3ME3,3SZ,Nc1cccc(S(=O)(=O)N2CCCN(S(=O)(=O)c3ccc4c(c3)OCCO4)CC2)c1
3U2Z,07T,Cn1c2cc([S@@](C)=O)sc2c2cnn(Cc3cccc(N)c3)c(=O)c21
4G1N,NZT,O=C(c1ccc(NS(=O)(=O)c2cccc3cccnc23)cc1)N1CCN(c2cnccn2)CC1
4JPG,1OX,O=c1cc(Cn2cnc3ccccc32)nc2ccccn12
5X1V,7XX,Cn1cc(C(=O)c2cccc(Cl)c2Cl)cc1C(N)=O
5X1W,7Y0,Cn1cc(C(=O)c2cccc(Cl)c2Cl)cc1C(=O)NCCNC(=O)c1cc(C(=O)c2cccc(Cl)c2Cl)cn1C
1ZGY,BRL,CN(CCOc1ccc(C[C@@H]2SC(=O)NC2=O)cc1)c1ccccn1
2I4J,DRJ,CCCCCCCN(CCc1ccc(O[C@](C)(CC)C(=O)O)cc1)c1nc2ccccc2o1
2P4Y,C03,COc1ccc2c(-c3c(C)n(Cc4cc(O[C@H](C)C(=O)O)ccc4Cl)c4cc(OC(F)(F)F)ccc34)noc2c1
2Q5S,NZA,O=C(O)c1c(Sc2ccccc2)c2cc(Cl)ccc2n1Cc1ccc(Cl)cc1
2YFE,YFE,COc1cc(CCc2ccccc2)c(C(=O)O)c(O)c1CC=C(C)C
3B1M,KRC,CCc1ccc2ccccc2c1CNC(=O)c1c(OC)cc(O)c2c1OC1=CC(O)=C(C(C)=O)C(=O)[C@]12C
3HOD,ZZH,O=C(O)[C@H](Cc1ccccc1)Oc1ccc(Cc2ccccc2)cc1
3R8A,HIG,CCc1nc2c(C)cc(C)nc2n1[C@H]1CCc2cc(-c3ccccc3-c3nnn[nH]3)ccc21
4CI5,Y1N,CC(C)(Oc1ccc(CCOc2ccc(/N=N/c3ccccc3)cc2)cc1)C(=O)O
4FGY,0W3,C[C@H](CCC(=O)O)C[C@H](C)C[C@H](C)C(=O)CC(=O)[C@H](C)C[C@H](C)C/C=C\[C@@H](C)[C@@H](O)[C@@H](C)[C@@H](O)C[C@@H]1CC[C@@](C)([C@H]2CC[C@@](C)([C@@H](C)O)O2)O1
4PRG,072,CCCCCCC[C@@H]1S[C@@H](CC(=O)N(Cc2ccccc2)Cc2ccccc2)C(=O)N1CCCCc1ccc(C(=O)O)cc1
5TTO,7KK,O=S(=O)(Nc1cc(Cl)c(Oc2cnc3ccccc3c2)c(Cl)c1)c1cc(F)c(Br)cc1F
5TWO,7MV,O=C(NCc1ccccc1)c1ccc2c(ccn2Cc2ccc(Cl)c(F)c2)c1
5Y2T,8LX,COc1ccc(Oc2cc(N(C)CCOc3ccc(C[C@@H]4SC(=O)NC4=O)cc3)ncn2)cc1
5Z5S,RTE,Cn1c(COc2cccc(C(=O)O)c2)nc2ccc(Oc3ccc(Cl)c(F)c3)cc21
2VUK,P83,CCn1c2ccccc2c2cc(CNC)ccc21
3ZME,QC5,CN(C)CCn1cc(-c2ccc(F)cc2)c(-n2cccc2)n1
4AGO,P74,CCN(CC)C1CCN(Cc2cc(C#CCNC(=O)OC(C)(C)C)cc(I)c2O)CC1
4AGQ,P96,CCN(CC)C1CCN(Cc2cc(C#CCNc3ccccc3)cc(I)c2O)CC1
5G4O,O80,CN(C)Cc1ccc2c(c1)c1ccccc1n2CC(F)(F)F
5O1I,9GH,CCN(CC)c1nc2c(C(=O)O)c(O)c(I)c(-n3cccc3)c2s1
3A2I,TEJ,C=C1C[C@H](C[C@H](C)[C@H]2CC[C@H]3/C(=C/C=C4/C[C@@H](O)C[C@H](O)C4=C)CCC[C@]23C)OC1=O
3A2J,TEJ,C=C1C[C@H](C[C@H](C)[C@H]2CC[C@H]3/C(=C/C=C4/C[C@@H](O)C[C@H](O)C4=C)CCC[C@]23C)OC1=O
