pdb_id,ligand_id
3P0G,P0G
3PDS,ERC
3SN6,P0G
4LDE,P0G
4LDL,XQC
4LDO,ALE
4QKX,35V
6MXT,K5Y
4WP7,3SR
4WPN,3ST
4X4L,3XG
5AC2,K9P
5L2M,6ZY
5L2N,6ZU
5L2O,6ZW
5TEI,M39
1L2I,ETC
2B1V,458
2B1Z,17M
2P15,EZT
2Q70,DC8
2QR9,HZ3
2QSE,1HP
2QZO,KN1
4IVW,1GJ
4PPS,ESE
5DRJ,5EU
5DU5,5G2
5DUE,5FY
5DZI,5KF
5E1C,5K8
1XP1,AIH
1XQC,AEJ
2AYR,L4G
2IOG,IOG
2IOK,IOK
2OUZ,C3D
2POG,WST
2R6W,LLB
3DT3,369
5AAU,XBR
5FQV,VQI
5T92,77W
5UFX,86Y
6B0F,C6V
6CHW,F3D
5FV7,R3Z
2V3D,NBV
2V3E,NND
2XWD,LGS
2XWE,AMF
3RIK,3RI
3RIL,3RK
4I3K,1BX
4I3L,1BZ
4UMX,VVS
4XRX,42V
4XS3,42W
5DE1,59D
5L57,6N3
5L58,6MX
5LGE,6VN
5SUN,70Q
5SVF,70P
5TQH,7J2
6ADG,9UO
6B0Z,C81
5H84,1VU
5H86,BCO
5MLJ,9ST
1PME,SB2
2OJG,19A
3SA0,NRA
3W55,1FM
4QP3,36Q
4QP4,36O
4QP9,35X
4QTA,38Z
4QTE,390
4XJ0,41B
4ZZN,CQ8
5AX3,5ID
5BUJ,4VB
5V62,FRZ
6G9H,ERW
1FAP,RAP
1NSG,RAD
2FAP,RAD
3FAP,ARD
4DRH,RAP
4DRI,RAP
4DRJ,RAP
4FAP,ARD
4JSX,17G
4JT5,P2X
5GPG,RAP
6B73,CVV
3GQY,DZG
3GR4,DYY
3H6O,D8G
3ME3,3SZ
3U2Z,07T
4G1N,NZT
4JPG,1OX
5X1V,7XX
5X1W,7Y0
1ZGY,BRL
2I4J,DRJ
2P4Y,C03
2Q5S,NZA
2YFE,YFE
3B1M,KRC
3HOD,ZZH
3R8A,HIG
4CI5,Y1N
4FGY,0W3
4PRG,072
5TTO,7KK
5TWO,7MV
5Y2T,8LX
5Z5S,RTE
2VUK,P83
3ZME,QC5
4AGO,P74
4AGQ,P96
5G4O,O80
5O1I,9GH
3A2I,TEJ
3A2J,TEJ
